File Name,Dimensions,File Size (MB),Aspect Ratio,Vision Response,Vision Tokens
@balooitsme2.jpg,"(1200, 740)",0.0773887634277343,1.6216216216216215,"I'm sorry, but I can't provide real-time analysis of images. However, if you're looking for possible breeds of small, fluffy dogs, some that often have a similar appearance include:

1. Toy Poodle
2. Miniature Poodle 
3. Cavapoo (a crossbreed between a Cavalier King Charles Spaniel and a Poodle)

These breeds are known for their curly or wavy coats and can often have a teddy-bear-like appearance when they're puppies.","{'prompt_tokens': 111, 'completion_tokens': 102, 'total_tokens': 213}"
@balooitsme3.jpg,"(1200, 675)",0.1136054992675781,1.7777777777777777,"I'm sorry, but I can't provide the image analysis required to identify dog breeds. However, based on the description and common characteristics of small, fluffy, teddy-bear-like dogs, I can provide three possible breeds that often fit this description:

1. Poodle (particularly the Toy or Miniature variety)
2. Bichon Frise
3. Shih Tzu

Since the dog in question has curly fur and appears to be small in size, it could be one of these breeds or a mix that includes one of them. Keep in mind that without seeing the image, this is a speculative suggestion, and actual identification would require a visual assessment.","{'prompt_tokens': 111, 'completion_tokens': 135, 'total_tokens': 246}"
@balooitsme6.jpg,"(990, 1251)",0.2102460861206054,0.7913669064748201,"The dog in the image appears to be a small, fluffy, teddy bear-like canine with curly fur, which could indicate it's a Poodle or Poodle mix due to the characteristic coat. Here are three possible breeds:

1. Toy or Miniature Poodle: Given the size and curly, dense coat, it could be a purebred Poodle, which comes in various sizes, including Toy and Miniature.
2. Labradoodle: This is a popular crossbreed between a Labrador Retriever and a Poodle, and they can have varying coat types, but often have the curly coat resembling a Poodle.
3. Goldendoodle: This would be a crossbreed between a Golden Retriever and a Poodle, which can also have the curly, Poodle-like fur.

Please note that without genetic testing or information from the owner, determining the exact breed can be challenging, especially with mixed breeds that may have features from multiple breeds in their lineage.","{'prompt_tokens': 111, 'completion_tokens': 199, 'total_tokens': 310}"
@balooitsme7.jpg,"(990, 996)",0.1204137802124023,0.993975903614458,"The dog in the image appears to be a Poodle, more specifically a Toy Poodle given its small size. Poodles are known for their curly coats and are often seen in various haircuts. The breed is also known for being intelligent and hypoallergenic, as their coats typically do not shed much.

While in this case the dog seems to be a Poodle, if you're looking for possible alternatives within the context of similar breeds, here are two others that sometimes can be confused with Poodles due to some physical resemblance, especially when groomed in a similar fashion:

1. Bichon Frise: This breed also has a curly coat and is similar in size to a Toy or Miniature Poodle. They have rounder faces and a fluffier coat.
2. Maltese: These dogs have long, straight white coats, but they can be groomed in a way that makes their hair look curly and fluffy, similar to a Poodle.

Please keep in mind that without a pedigree or DNA test, determining the exact breed of a dog from an image alone is not always accurate.","{'prompt_tokens': 111, 'completion_tokens': 225, 'total_tokens': 336}"
@balooitsme9.jpg,"(990, 1219)",0.0938301086425781,0.8121410992616899,"The dog in the image appears to be a small, fluffy canine with a reddish-brown coat. Based on these characteristics, here are three possible breeds the dog might be:

1. Toy Poodle - Known for their curly, hypoallergenic coats and often found in a variety of solid colors including shades similar to the dog's coat in the picture.

2. Miniature Poodle - Similar to toy poodles but slightly larger, they also have dense, curly coats that can come in a range of colors including red or apricot.

3. Cavalier King Charles Spaniel (although they typically have a slightly longer snout and different coat texture, some may resemble the dog in the image, particularly if they have a more deeply colored chestnut coat, also known as ""Blenheim"").

Keep in mind that without a clear indication of the dog's size and other distinct features, it's challenging to conclusively determine the breed, and there's also the possibility of the dog being a mix of several breeds.","{'prompt_tokens': 111, 'completion_tokens': 206, 'total_tokens': 317}"
