Username,File Name,Vision Response,Vision Tokens
@Chompersthecorgi,"['@Chompersthecorgi1.jpg', '@Chompersthecorgi10.jpg', '@Chompersthecorgi11.jpg', '@Chompersthecorgi12.jpg', '@Chompersthecorgi13.jpg', '@Chompersthecorgi2.jpg', '@Chompersthecorgi3.jpg', '@Chompersthecorgi4.jpg', '@Chompersthecorgi5.jpg', '@Chompersthecorgi6.jpg', '@Chompersthecorgi7.jpg', '@Chompersthecorgi9.jpg']","The dog in the images appears to be a Pembroke Welsh Corgi. It's recognizable by its short stature, erect ears, and foxy face. Based on the dog's physical characteristics, it is unlikely to be mistaken for another breed, but here are three breeds for context:

1. Pembroke Welsh Corgi - As mentioned, this is the primary breed the dog appears to be.
2. Cardigan Welsh Corgi - Often confused with the Pembroke Welsh Corgi, this breed is similar in appearance but typically has a longer tail and slightly different body proportions.
3. Swedish Vallhund - This breed bears some resemblance to the Corgis due to its size and features but has a more wolf-like appearance and is less commonly found. 

However, based on the images provided and common dog breed characteristics, the dog pictured here is indeed a Pembroke Welsh Corgi.","{'prompt_tokens': 451, 'completion_tokens': 183, 'total_tokens': 634}"
@KeyushTheStuntDog,"['@KeyushTheStuntDog0.jpg', '@KeyushTheStuntDog1.jpg', '@KeyushTheStuntDog10.jpg', '@KeyushTheStuntDog2.jpg', '@KeyushTheStuntDog3.jpg', '@KeyushTheStuntDog4.jpg', '@KeyushTheStuntDog6.jpg', '@KeyushTheStuntDog7.jpg', '@KeyushTheStuntDog9.jpg']","The dog in the images bears a strong resemblance to the Siberian Husky breed, known for its thick fur, erect triangular ears, and distinctive markings. While it is difficult to determine the exact breed without genetic testing, and there may be mixed breeds that show similar characteristics, the most apparent breed for this dog appears to be a Siberian Husky. Other breeds with some visual similarities could potentially include the Alaskan Malamute or the Malamute-Husky mix, but the features shown in the images align most closely with those of a Siberian Husky.","{'prompt_tokens': 451, 'completion_tokens': 115, 'total_tokens': 566}"
@Theladyshortcake,"['@Theladyshortcake0.jpg', '@Theladyshortcake1.jpg', '@Theladyshortcake10.jpg', '@Theladyshortcake11.jpg', '@Theladyshortcake12.jpg', '@Theladyshortcake13.jpg', '@Theladyshortcake2.jpg', '@Theladyshortcake3.jpg', '@Theladyshortcake4.jpg', '@Theladyshortcake5.jpg', '@Theladyshortcake6.jpg', '@Theladyshortcake7.jpg', '@Theladyshortcake8.jpg', '@Theladyshortcake9.jpg']","Based on the physical characteristics visible in the images, the dog appears to have traits common to the following breeds:

1. American Pit Bull Terrier: Often has a sturdy build, with a muscular frame and a broad head as seen in these photos.
2. Staffordshire Bull Terrier: Similar to the American Pit Bull Terrier, it has a stocky body and strong jawline.
3. American Bully: This breed is known for its robust and muscular build, with a wide chest and blocky head, similar to the dog pictured.

Keep in mind that visual breed identification in dogs can be tricky and inaccurate, and dogs with similar physical characteristics might actually be mixed breeds or different from the suggested breeds above.","{'prompt_tokens': 451, 'completion_tokens': 144, 'total_tokens': 595}"
@_gsdbear,"['@_gsdbear1.jpg', '@_gsdbear10.jpg', '@_gsdbear11.jpg', '@_gsdbear2.jpg', '@_gsdbear3.jpg', '@_gsdbear4.jpg', '@_gsdbear5.jpg', '@_gsdbear6.jpg', '@_gsdbear7.jpg', '@_gsdbear8.jpg', '@_gsdbear9.jpg']","The dog in the images appears to be a German Shepherd, which is characterized by its large size, pointed ears, long snout, and typically tan coat with black markings. Based on the images alone, this breed seems like a very likely match. Here are three possible breeds based on the general appearance of dogs with similar traits:

1. German Shepherd: Known for their intelligence and versatility, German Shepherds are commonly used in various roles including police and military work as well as companionship.

2. Belgian Tervuren: Part of the Belgian Shepherd family, these dogs have a similar physical structure to German Shepherds but may have a different coat texture and color.

3. East-European Shepherd: This is a breed very similar to the German Shepherd but developed in Russia, it typically has a larger body and a thicker coat to deal with colder climates.

The dog in these images, however, is most likely a German Shepherd.","{'prompt_tokens': 451, 'completion_tokens': 187, 'total_tokens': 638}"
@aspenthemountainpup,"['@aspenthemountainpup0.jpg', '@aspenthemountainpup10.jpg', '@aspenthemountainpup11.jpg', '@aspenthemountainpup2.jpg', '@aspenthemountainpup3.jpg', '@aspenthemountainpup5.jpg', '@aspenthemountainpup6.jpg', '@aspenthemountainpup7.jpg', '@aspenthemountainpup8.jpg', '@aspenthemountainpup9.jpg']","Based on the images provided, the dog appears to have characteristics typical of a Golden Retriever. It has a golden, lush coat, friendly eyes, and the overall body shape consistent with the breed. Here are three possible breeds the dog in the photos might be, although the most likely breed is the first:

1. Golden Retriever
2. Labrador Retriever (especially because some individuals might have a thicker coat)
3. Nova Scotia Duck Tolling Retriever (they are typically smaller but can have similar coat color)

Again, based on the provided images, the Golden Retriever seems to be the most accurate match.","{'prompt_tokens': 451, 'completion_tokens': 130, 'total_tokens': 581}"
@balooitsme,"['@balooitsme0.jpg', '@balooitsme1.jpg', '@balooitsme10.jpg', '@balooitsme11.jpg', '@balooitsme2.jpg', '@balooitsme3.jpg', '@balooitsme6.jpg', '@balooitsme7.jpg', '@balooitsme9.jpg']","The dog in the images appears to be a Poodle, specifically a toy or miniature size given its small stature. The Poodle breed is known for its curly, hypoallergenic coat and is often available in three sizes: standard, miniature, and toy.

Based solely on these images, here are three possible breeds or types that the dog might represent:

1. Toy Poodle - The dog's small size and curly coat are typical characteristics of a Toy Poodle.
2. Miniature Poodle - If the dog is a little larger than it appears in the photos, it might be a Miniature Poodle, which is slightly larger than the Toy variety but smaller than a Standard Poodle.
3. Poodle Mix - The dog could also be a mix involving a Poodle, known as a ""doodle"" mix. Popular mixes include the Cavapoo (Cavalier King Charles Spaniel and Poodle mix) or Maltipoo (Maltese and Poodle mix), recognizable by their curly coat but may display a slightly different body shape or size due to the other breed in their genetics.

Remember that identifying the exact breed based on images alone can be challenging and inaccurate. A DNA test or verification from the dog's owner would provide a more definitive answer.","{'prompt_tokens': 451, 'completion_tokens': 259, 'total_tokens': 710}"
@barkleysircharles,"['@barkleysircharles0.jpg', '@barkleysircharles1.jpg', '@barkleysircharles10.jpg', '@barkleysircharles11.jpg', '@barkleysircharles2.jpg', '@barkleysircharles3.jpg', '@barkleysircharles4.jpg', '@barkleysircharles5.jpg', '@barkleysircharles6.jpg', '@barkleysircharles7.jpg', '@barkleysircharles8.jpg', '@barkleysircharles9.jpg']","The dog in the images you provided appears to be a French Bulldog. This breed is recognizable by its bat-like ears, flat face, and compact, muscular body. While I can provide a definitive breed identification for this case, here are three breeds that it could be mistaken for due to some similar physical characteristics:

1. French Bulldog - as already mentioned, this is the actual breed shown in your images.
2. Boston Terrier - this breed also has a tuxedo-like coat pattern and a similar facial structure, but generally has a more squared-off muzzle and is more slender in build.
3. Pug - this breed shares the short muzzle and sometimes similar facial wrinkles but has different type ears and is usually more round in body shape.

Based on the images, it's clear that the dog is a French Bulldog.","{'prompt_tokens': 451, 'completion_tokens': 168, 'total_tokens': 619}"
@bluestaffyboulder,"['@bluestaffyboulder0.jpg', '@bluestaffyboulder1.jpg', '@bluestaffyboulder10.jpg', '@bluestaffyboulder11.jpg', '@bluestaffyboulder12.jpg', '@bluestaffyboulder2.jpg', '@bluestaffyboulder3.jpg', '@bluestaffyboulder4.jpg', '@bluestaffyboulder5.jpg', '@bluestaffyboulder6.jpg', '@bluestaffyboulder7.jpg', '@bluestaffyboulder8.jpg', '@bluestaffyboulder9.jpg']","The dog in the images appears to have characteristics of the following breeds:

1. Staffordshire Bull Terrier: This breed is known for its sturdy body, muscular build, and broad head, which are visible traits in the dog shown.

2. American Staffordshire Terrier: Similar to Staffordshire Bull Terriers, they have a muscular build but are often slightly larger, which could also align with the dog's appearance.

3. American Pit Bull Terrier: While not officially recognized by all kennel clubs, dogs labeled as pit bulls often share physical characteristics with the aforementioned breeds, such as a stocky build and strong jaw.

Please note, determining a dog's breed based solely on images is not completely accurate, and a DNA test would provide a definitive answer.","{'prompt_tokens': 451, 'completion_tokens': 153, 'total_tokens': 604}"
@carterchowchow,"['@carterchowchow0.jpg', '@carterchowchow1.jpg', '@carterchowchow10.jpg', '@carterchowchow11.jpg', '@carterchowchow2.jpg', '@carterchowchow3.jpg', '@carterchowchow4.jpg', '@carterchowchow5.jpg', '@carterchowchow6.jpg', '@carterchowchow7.jpg', '@carterchowchow8.jpg', '@carterchowchow9.jpg']","The dog in the images appears to be a Chow Chow. This is based on the breed's distinctive features:

1. A dense double coat that is particularly thick around the neck, giving it a mane or ruff appearance, much like a lion.
2. A broad skull and a somewhat pushed-in face, which is characteristic of the breed.
3. Small, triangular ears set wide apart and carried erect.
4. The tail is set high and curled over the back.
5. A unique blue-black tongue.

It's worth noting that while based on these images, the dog strongly resembles a Chow Chow, individual dogs may have slight variations, and there are other breeds with some similar characteristics. However, given the visible traits, a Chow Chow is the most likely breed of the dog shown in all the pictures provided.","{'prompt_tokens': 451, 'completion_tokens': 164, 'total_tokens': 615}"
@crusoe_dachshund,"['@crusoe_dachshund0.jpg', '@crusoe_dachshund1.jpg', '@crusoe_dachshund11.jpg', '@crusoe_dachshund2.jpg', '@crusoe_dachshund3.jpg', '@crusoe_dachshund4.jpg', '@crusoe_dachshund5.jpg', '@crusoe_dachshund6.jpg', '@crusoe_dachshund7.jpg', '@crusoe_dachshund8.jpg', '@crusoe_dachshund9.jpg']","The dog in the images appears to be a Dachshund. This breed is known for its long body and short legs. They are also recognizable by their floppy ears and expressive faces.

Alternate breeds are not applicable in this case, as the physical characteristics are quite distinctive of the Dachshund breed. However, for educational purposes, here are three other small breeds that people might consider as a pet (but which would look quite different from a Dachshund):

1. Chihuahua - Known for its small size and large, expressive eyes.
2. Miniature Pinscher - Sometimes erroneously referred to as a ""Mini Doberman,"" they are small yet sturdy with a smooth coat.
3. Beagle - A small to medium-sized breed known for its great sense of smell and tracking instincts.

Each of these breeds has its unique physical characteristics that differentiate them from a Dachshund.","{'prompt_tokens': 451, 'completion_tokens': 183, 'total_tokens': 634}"
@dailydougie,"['@dailydougie0.jpg', '@dailydougie1.jpg', '@dailydougie10.jpg', '@dailydougie11.jpg', '@dailydougie2.jpg', '@dailydougie3.jpg', '@dailydougie4.jpg', '@dailydougie5.jpg', '@dailydougie6.jpg', '@dailydougie7.jpg', '@dailydougie8.jpg', '@dailydougie9.jpg']","The dogs in the images appear to be of the breed known as the Shih Tzu. This breed is characterized by its distinct long, silky hair (which is often trimmed in household pets), short snout, and large, deep-set eyes. Their coats can come in various colors and patterns. The dogs in the images all possess these traits common to the Shih Tzu breed.","{'prompt_tokens': 451, 'completion_tokens': 78, 'total_tokens': 529}"
@dogwithsign,"['@dogwithsign0.jpg', '@dogwithsign1.jpg', '@dogwithsign10.jpg', '@dogwithsign11.jpg', '@dogwithsign2.jpg', '@dogwithsign4.jpg', '@dogwithsign5.jpg', '@dogwithsign6.jpg', '@dogwithsign7.jpg', '@dogwithsign8.jpg', '@dogwithsign9.jpg']","The dog in the images appears to be a small breed with distinctive black and tan coloring. Given the size, coat texture, and coloration, here are three possible breeds this dog could be:

1. Yorkshire Terrier (Yorkie) – This is one of the most likely breeds the dog could be, considering its size, coat texture, and coloration.
2. Silky Terrier – These dogs are similar in appearance to Yorkshire Terriers, but typically have a slightly larger frame and a silkier coat.
3. Dachshund – The color pattern is similar to that found in some Dachshunds, although the dog's body shape in the images does not seem to have the characteristic long torso of a Dachshund.

It's worth noting that the dog could also be a mix of two or more breeds, which can result in a wide variety of appearances.","{'prompt_tokens': 451, 'completion_tokens': 179, 'total_tokens': 630}"
@eddie_jackrussell,"['@eddie_jackrussell0.jpg', '@eddie_jackrussell1.jpg', '@eddie_jackrussell10.jpg', '@eddie_jackrussell11.jpg', '@eddie_jackrussell12.jpg', '@eddie_jackrussell13.jpg', '@eddie_jackrussell2.jpg', '@eddie_jackrussell3.jpg', '@eddie_jackrussell4.jpg', '@eddie_jackrussell5.jpg', '@eddie_jackrussell6.jpg', '@eddie_jackrussell8.jpg', '@eddie_jackrussell9.jpg']","It appears that the dog in the images is a Jack Russell Terrier, characterized by its small size, athletic build, and distinctive white coat with brown and/or black markings. The Jack Russell Terrier is a breed known for its energy, intelligence, and hunting instincts. In the absence of further context, it might be difficult to identify other possible breeds definitively just from images; however, similar breeds that are often confused or have similarities with the Jack Russell Terrier include:

1. Parson Russell Terrier - very similar in appearance but typically has a taller frame.
2. Rat Terrier - a breed that shares the hunting instincts and similar coat patterns.
3. Fox Terrier (Smooth or Wire) - a breed that has a similar size and coat pattern, though with differences in texture and body structure.

These breeds have visual similarities such as size, coat color, and patterns, but there are distinctions in their physical characteristics and temperaments. The Parson Russell Terrier and the Jack Russell Terrier, in particular, are closely related but are considered separate breeds.","{'prompt_tokens': 451, 'completion_tokens': 215, 'total_tokens': 666}"
@emmatheminifrenchie,"['@emmatheminifrenchie0.jpg', '@emmatheminifrenchie1.jpg', '@emmatheminifrenchie10.jpg', '@emmatheminifrenchie11.jpg', '@emmatheminifrenchie12.jpg', '@emmatheminifrenchie2.jpg', '@emmatheminifrenchie3.jpg', '@emmatheminifrenchie4.jpg', '@emmatheminifrenchie5.jpg', '@emmatheminifrenchie6.jpg', '@emmatheminifrenchie7.jpg', '@emmatheminifrenchie8.jpg', '@emmatheminifrenchie9.jpg']","The dog in these images appears to be a French Bulldog. This breed is characterized by its bat-like ears, short snout, and stocky build. It's not possible to truly determine the breed from images alone, as some dogs may have mixed ancestry or possess characteristics similar to other breeds. However, for the French Bulldog, these traits are quite distinctive.

Three possible breeds based on these images are:

1. French Bulldog
2. British Bulldog (if we were to guess another breed, although the characteristics are quite distinct for a French Bulldog)
3. Boston Terrier (which also has a short snout and erect ears, but typically has a different body shape and markings than the French Bulldog)

However, given the physical characteristics visible in these pictures, the overwhelming likelihood is that the dog is a French Bulldog.","{'prompt_tokens': 451, 'completion_tokens': 171, 'total_tokens': 622}"
@frankietothemoon,"['@frankietothemoon1.jpg', '@frankietothemoon10.jpg', '@frankietothemoon12.jpg', '@frankietothemoon13.jpg', '@frankietothemoon2.jpg', '@frankietothemoon3.jpg', '@frankietothemoon4.jpg', '@frankietothemoon5.jpg', '@frankietothemoon6.jpg', '@frankietothemoon7.jpg', '@frankietothemoon8.jpg', '@frankietothemoon9.jpg']","Based on the images provided, the dog appears to be an Australian Shepherd. Australian Shepherds are known for their multi-colored coats, which often include combinations of merle, white, tan, and black or red. They are a medium-sized breed of dog known for their intelligence, high energy, and agility.

While the dog strongly resembles an Australian Shepherd, if we were to consider three possible breeds, they could be:

1. Australian Shepherd
2. Border Collie (although the coat pattern is less typical for this breed)
3. Miniature American Shepherd (similar in appearance to the Australian Shepherd but generally smaller in size)

The dog in the images seems to have the distinctive look of an Australian Shepherd, particularly the merle coat pattern and bright blue eyes associated with the breed.","{'prompt_tokens': 451, 'completion_tokens': 158, 'total_tokens': 609}"
@goldenunicornrae,"['@goldenunicornrae0.jpg', '@goldenunicornrae1.jpg', '@goldenunicornrae10.jpg', '@goldenunicornrae11.jpg', '@goldenunicornrae12.jpg', '@goldenunicornrae2.jpg', '@goldenunicornrae3.jpg', '@goldenunicornrae4.jpg', '@goldenunicornrae5.jpg', '@goldenunicornrae6.jpg', '@goldenunicornrae8.jpg', '@goldenunicornrae9.jpg']","Based on the images provided, it seems like the dog's breed is being presented with a humorous twist—its ears have been edited to resemble those of a unicorn, giving it a unique and amusing appearance. Despite the playful editing, the dog appears to have characteristics akin to Golden Retrievers, such as the coat color, facial structure, and fur texture. However, it's important to note that individual dogs can vary widely within a breed, and without a professional assessment, it's difficult to say for certain. Here are three possible breeds the dog might have in its lineage:

1. Golden Retriever: The fur color and texture, as well as the gentle expression, are typical of this breed.
2. Labrador Retriever: They often have a similar build and coat quality, though their ears are usually not as feathered as those of a Golden Retriever.
3. Nova Scotia Duck Tolling Retriever: These dogs are smaller than Goldens but have similar coloration and can sometimes share physical characteristics.

However, I must stress that without a direct genealogical background and the playful alteration of the ears, a definitive breed identification cannot be made from these images.","{'prompt_tokens': 451, 'completion_tokens': 238, 'total_tokens': 689}"
@good.boy.ollie,"['@good.boy.ollie0.jpg', '@good.boy.ollie1.jpg', '@good.boy.ollie10.jpg', '@good.boy.ollie11.jpg', '@good.boy.ollie2.jpg', '@good.boy.ollie3.jpg', '@good.boy.ollie4.jpg', '@good.boy.ollie5.jpg', '@good.boy.ollie6.jpg', '@good.boy.ollie7.jpg', '@good.boy.ollie9.jpg']","It looks like there's been a bit of a mix-up with the images you've uploaded. The first image you provided is of a plush toy designed to resemble a dog, not a real canine. Therefore, it doesn't represent any dog breed.

For the remaining images which do show a real dog, they all appear to feature the same breed, which seems to be a Labrador Retriever. Labrador Retrievers are known for their short, dense coat, friendly eyes, and overall balanced and athletic build. They also often have a ""blocky"" head, and these characteristics seem to match the dog in your photos. 

If we were to guess three possible breeds for a dog, generally, here are three breeds you might be curious about in different dog images:

1. Labrador Retriever – Known for their friendly and outgoing nature.
2. Golden Retriever – Similar to Labradors, they are also friendly, intelligent, and devoted.
3. German Shepherd – Recognized for their courage, confidence, and intelligence.

Always remember that visual breed identification in dogs can be inaccurate and it is always recommended to get a professional or genetic assessment for an accurate breed determination.","{'prompt_tokens': 451, 'completion_tokens': 237, 'total_tokens': 688}"
@harlso,"['@harlso0.jpg', '@harlso1.jpg', '@harlso10.jpg', '@harlso11.jpg', '@harlso12.jpg', '@harlso13.jpg', '@harlso14.jpg', '@harlso3.jpg', '@harlso4.jpg', '@harlso5.jpg', '@harlso6.jpg', '@harlso7.jpg', '@harlso8.jpg', '@harlso9.jpg']","Based on the physical characteristics of the dog in these images, such as the long body, short legs, and specific facial features, the dog appears to be of the Dachshund breed. Dachshunds are known for their distinctive shape, which has earned them the nickname ""wiener dog"" or ""sausage dog.""

Since you've asked for three possible breeds, keep in mind that while the dog in the pictures seems to be a Dachshund, here are a couple of other breeds with some similar traits:

1. Dachshund: They are the most likely breed for the dog in the images shown.
2. Basset Hound: Also has short legs and a reasonably long body, but their ears are typically longer and their bodies are not as elongated as a Dachshund's.
3. Beagle: While Beagles don't have as elongated bodies, they do have hound-like features and could share the facial expression.

Nonetheless, based on the images, the dog is quite clearly a Dachshund.","{'prompt_tokens': 451, 'completion_tokens': 217, 'total_tokens': 668}"
@henrythecoloradodog,"['@henrythecoloradodog0.jpg', '@henrythecoloradodog1.jpg', '@henrythecoloradodog10.jpg', '@henrythecoloradodog11.jpg', '@henrythecoloradodog12.jpg', '@henrythecoloradodog13.jpg', '@henrythecoloradodog2.jpg', '@henrythecoloradodog4.jpg', '@henrythecoloradodog5.jpg', '@henrythecoloradodog6.jpg', '@henrythecoloradodog7.jpg', '@henrythecoloradodog8.jpg', '@henrythecoloradodog9.jpg']","Based on the images provided, it looks like the dog could possibly be a mix involving several breeds. I'll give you three possible breeds that the dog might have in its ancestry, understanding that without a genetic test, it's difficult to be certain:

1. American Staffordshire Terrier: The dog's head shape and body structure in some of the images suggest it might have some characteristics of an American Staffordshire Terrier, which is known for its strong, muscular build and distinctive head shape.

2. Boxer: The dog's facial expression and possible body stance in some of the images might hint at some Boxer heritage. Boxers are known for their playful energy and strong jaw.

3. Beagle: In one of the pictures, the dog's facial features and ear shape could suggest some resemblance to a Beagle, which are known for their floppy ears and expressive faces.

Keep in mind that these are just guesses, and mixed-breed dogs can have a combination of physical characteristics from any number of breeds. The dog could also have heritage from breeds not listed here, and its specific lineage would require a DNA test to determine with accuracy.","{'prompt_tokens': 451, 'completion_tokens': 230, 'total_tokens': 681}"
@hi_im_chewie,"['@hi_im_chewie0.jpg', '@hi_im_chewie1.jpg', '@hi_im_chewie10.jpg', '@hi_im_chewie11.jpg', '@hi_im_chewie12.jpg', '@hi_im_chewie2.jpg', '@hi_im_chewie3.jpg', '@hi_im_chewie4.jpg', '@hi_im_chewie5.jpg', '@hi_im_chewie6.jpg', '@hi_im_chewie7.jpg', '@hi_im_chewie8.jpg', '@hi_im_chewie9.jpg']","The dog in the images appears to be a Pomeranian. This is a small breed known for its fluffy coat and spirited personality. The Pomeranian has a distinctive fox-like face and a plush double coat. They come in a variety of colors, and the dogs in the images exhibit the typical physical characteristics of the breed.

Given that this dog is most likely a Pomeranian, suggesting other breeds wouldn't be as accurate. However, for the sake of exploring similar-looking breeds, here are two others that might occasionally resemble a Pomeranian, although they are not a match for the dog in the pictures:

1. **American Eskimo Dog** - Sometimes looks similar due to its fluffy white coat and spitz-like characteristics, but it is generally larger than a Pomeranian.
2. **Japanese Spitz** - Another spitz-type breed that has a thick white coat and a similar facial structure, but again, Japanese Spitzes are usually larger than Pomeranians.

It's important to note that these alternatives are typically larger than Pomeranians and have some distinct breed-specific characteristics. The dog in the provided images is indeed a Pomeranian.","{'prompt_tokens': 451, 'completion_tokens': 237, 'total_tokens': 688}"
@itsdougthepug,"['@itsdougthepug0.jpg', '@itsdougthepug1.jpg', '@itsdougthepug11.jpg', '@itsdougthepug2.jpg', '@itsdougthepug3.jpg', '@itsdougthepug4.jpg', '@itsdougthepug5.jpg', '@itsdougthepug6.jpg', '@itsdougthepug7.jpg', '@itsdougthepug8.jpg', '@itsdougthepug9.jpg']","Based on the images you've provided, the dog appears to be a Pug. This breed is characterized by its distinctive features, such as a short-muzzled face, large expressive eyes, and a curled tail. The wrinkled forehead and compact, muscular body are also typical characteristics of Pugs. While these pictures depict only one breed, other breeds with some similar features could include the French Bulldog and the Bulldog, although the physical characteristics in these photos closely match that of a Pug.","{'prompt_tokens': 451, 'completion_tokens': 101, 'total_tokens': 552}"
@izzythe.frenchie,"['@izzythe.frenchie0.jpg', '@izzythe.frenchie1.jpg', '@izzythe.frenchie10.jpg', '@izzythe.frenchie2.jpg', '@izzythe.frenchie3.jpg', '@izzythe.frenchie4.jpg', '@izzythe.frenchie6.jpg', '@izzythe.frenchie7.jpg', '@izzythe.frenchie8.jpg']","The dog in the images appears to be a French Bulldog, which is a small breed known for its bat-like ears, short snout, and muscular body. Here are three possible breeds based on the visual characteristics, although the images clearly depict a French Bulldog:

1. French Bulldog - This breed matches the dog's overall appearance, including the distinctive ears, head shape, and body structure.

2. Boston Terrier - While this breed also has prominent ears and a short face, they typically have a tuxedo-like black and white coat pattern which does not match the dog in the images.

3. Pug - Pugs have a similarly compact body and short muzzle, but they usually have a more wrinkled face and curled tail, unlike the dog depicted here.

Given the distinctive features of the dog in the photos, it is almost certain that it is a French Bulldog.","{'prompt_tokens': 451, 'completion_tokens': 180, 'total_tokens': 631}"
@jackson_the_dalmatian,"['@jackson_the_dalmatian0.jpg', '@jackson_the_dalmatian1.jpg', '@jackson_the_dalmatian10.jpg', '@jackson_the_dalmatian11.jpg', '@jackson_the_dalmatian2.jpg', '@jackson_the_dalmatian3.jpg', '@jackson_the_dalmatian4.jpg', '@jackson_the_dalmatian5.jpg', '@jackson_the_dalmatian6.jpg', '@jackson_the_dalmatian7.jpg', '@jackson_the_dalmatian8.jpg', '@jackson_the_dalmatian9.jpg']","The dogs in these images are Dalmatians. This breed is distinctive due to its unique spotted coat, which is a hallmark of the Dalmatian breed. The dogs are recognized by their white base coat color with black or liver (brown) spots. They are a well-known breed and are often associated with firefighting, movies, and as carriage dogs in their historical context.","{'prompt_tokens': 451, 'completion_tokens': 78, 'total_tokens': 529}"
@jiffpom,"['@jiffpom0.jpg', '@jiffpom1.jpg', '@jiffpom10.jpg', '@jiffpom11.jpg', '@jiffpom2.jpg', '@jiffpom3.jpg', '@jiffpom4.jpg', '@jiffpom5.jpg', '@jiffpom6.jpg', '@jiffpom7.jpg', '@jiffpom8.jpg', '@jiffpom9.jpg']","Based on the images provided, the dog appears to be a Pomeranian. Pomeranians are easily identifiable by their fluffy double coat, small size, and fox-like facial features. They are known for their playful and friendly disposition.

Other breeds that sometimes are confused with Pomeranians due to similar fluffy coats or small size may include:

1. Japanese Spitz - They have a similar fluffy white coat but are generally larger in size than Pomeranians.
2. American Eskimo Dog (Miniature) - These also have a dense, fluffy white coat and can look similar to Pomeranians, but they have a different body structure and are larger.
3. Samoyed - While much larger than Pomeranians, they share the trait of having a thick, white coat that might lead to confusion in much younger or distant pictures.","{'prompt_tokens': 451, 'completion_tokens': 174, 'total_tokens': 625}"
@lecorgi,"['@lecorgi1.jpg', '@lecorgi10.jpg', '@lecorgi11.jpg', '@lecorgi12.jpg', '@lecorgi2.jpg', '@lecorgi3.jpg', '@lecorgi4.jpg', '@lecorgi5.jpg', '@lecorgi6.jpg', '@lecorgi7.jpg', '@lecorgi8.jpg', '@lecorgi9.jpg']","The dog in the images appears to be a Pembroke Welsh Corgi, based on its physical characteristics such as its coat color, ear shape, size, and overall body structure. Corgis are known for their short legs, long body, and alert expressions.

Since you've asked for three possible breeds, while this dog shows the classic traits of a Pembroke Welsh Corgi, here are some breeds to consider that may have similar features, although they would not be an exact match:

1. Pembroke Welsh Corgi – Most likely the breed shown in the pictures, with a fawn and white coat.
2. Cardigan Welsh Corgi – Similar to the Pembroke Welsh Corgi, but with some differences such as a long tail.
3. Shetland Sheepdog – This breed has a similar colored coat and foxy face, but they have a different body shape and are generally larger than Corgis.

The dog shown in the photos is almost certainly a Pembroke Welsh Corgi, indicated by distinctive breed characteristics clearly visible in the images.","{'prompt_tokens': 451, 'completion_tokens': 219, 'total_tokens': 670}"
@loki_the_wolfdog,"['@loki_the_wolfdog0.jpg', '@loki_the_wolfdog1.jpg', '@loki_the_wolfdog10.jpg', '@loki_the_wolfdog11.jpg', '@loki_the_wolfdog12.jpg', '@loki_the_wolfdog13.jpg', '@loki_the_wolfdog2.jpg', '@loki_the_wolfdog4.jpg', '@loki_the_wolfdog5.jpg', '@loki_the_wolfdog6.jpg', '@loki_the_wolfdog7.jpg', '@loki_the_wolfdog8.jpg', '@loki_the_wolfdog9.jpg']","Based on the images you provided, the dog appears to be an Alaskan Malamute in each case. However, you requested three possible breeds, so here are three breeds that the dog in the photos could be mistaken for based on similar physical characteristics:

1. Alaskan Malamute: This is the most likely breed given the thick fur, erect ears, and substantial size displayed in the photos. Malamutes are known for their wolf-like appearance and are often larger and stockier than the similar-looking Siberian Husky.

2. Siberian Husky: They are often confused with Alaskan Malamutes, but are generally smaller, more agile, and have a less dense coat compared to Malamutes. While this dog looks to be more of a Malamute, someone could mistake it for a Husky due to some overlapping features.

3. Greenland Dog: Another spitz-type breed similar to the Malamute and Husky. Greenland Dogs are working dogs with thick coats, used to cold climates. They're less common than Huskies and Malamutes, making it less likely for the dog in the photo to be of this breed.

Each of these breeds shares certain spitz characteristics such as a dense coat, pointed ears, and a curled bushy tail. However, the physical build and the size of the dog in the photos indicate that it is most likely an Alaskan Malamute.","{'prompt_tokens': 451, 'completion_tokens': 287, 'total_tokens': 738}"
@madmax_fluffyroad,"['@madmax_fluffyroad0.jpg', '@madmax_fluffyroad1.jpg', '@madmax_fluffyroad11.jpg', '@madmax_fluffyroad12.jpg', '@madmax_fluffyroad2.jpg', '@madmax_fluffyroad3.jpg', '@madmax_fluffyroad4.jpg', '@madmax_fluffyroad5.jpg', '@madmax_fluffyroad6.jpg', '@madmax_fluffyroad7.jpg', '@madmax_fluffyroad8.jpg', '@madmax_fluffyroad9.jpg']","The dog in these images appears to be a Pembroke Welsh Corgi. Characterized by its short legs, long body, and erect ears, the Pembroke Welsh Corgi is a popular breed known for its affectionate nature and intelligence. While these images specifically depict dogs that look like Pembroke Welsh Corgis, here are three possible breeds anyway:

1. Pembroke Welsh Corgi: This is the most likely breed based on the physical characteristics of the dogs in the images.

2. Cardigan Welsh Corgi: Similar to the Pembroke but with some distinct differences such as a longer tail and different bone structure.

3. Shetland Sheepdog (Sheltie): While not as similar as the Cardigan Welsh Corgi, Shelties also have a long coat and can have a similar coloration, but they are generally larger and have a proportionately longer body.

However, it's important to note that the dogs in the images are almost certainly Pembroke Welsh Corgis.","{'prompt_tokens': 451, 'completion_tokens': 206, 'total_tokens': 657}"
@manny_the_frenchie,"['@manny_the_frenchie0.jpg', '@manny_the_frenchie1.jpg', '@manny_the_frenchie10.jpg', '@manny_the_frenchie11.jpg', '@manny_the_frenchie2.jpg', '@manny_the_frenchie4.jpg', '@manny_the_frenchie5.jpg', '@manny_the_frenchie6.jpg', '@manny_the_frenchie7.jpg', '@manny_the_frenchie8.jpg', '@manny_the_frenchie9.jpg']","The dog in the images appears to be a French Bulldog. French Bulldogs have distinctive features such as a short snout, bat-like ears, and a muscular, compact build.

Since you requested three possible breeds, even though the pictures clearly show French Bulldogs, other breeds with somewhat similar features (but significant differences as well) include:

1. French Bulldog - The most likely breed given the images.
2. Boston Terrier - They have tuxedo-like markings, which aren't visible in these images; however, their facial structure is somewhat similar.
3. Pug - They also have a short muzzle and a stocky body, but their ears and facial wrinkles differ from those of the French Bulldog.

Again, please note that based on the images provided, the dogs shown are French Bulldogs.","{'prompt_tokens': 451, 'completion_tokens': 162, 'total_tokens': 613}"
@marniethedog,"['@marniethedog0.jpg', '@marniethedog1.jpg', '@marniethedog10.jpg', '@marniethedog11.jpg', '@marniethedog2.jpg', '@marniethedog3.jpg', '@marniethedog4.jpg', '@marniethedog5.jpg', '@marniethedog6.jpg', '@marniethedog7.jpg', '@marniethedog8.jpg', '@marniethedog9.jpg']","The dog in these images appears to be a Shih Tzu or a Shih Tzu mix, a breed known for its long, flowing coat and distinctive face. While it's difficult to determine the exact breed without more information, the facial features, coat, and overall appearance suggest that the dog likely has a strong Shih Tzu heritage. Since mixed breed dogs can exhibit traits from multiple breeds, other possibilities might include other toy or companion breeds like the Lhasa Apso or the Pekingese, which share some physical characteristics with the Shih Tzu.","{'prompt_tokens': 451, 'completion_tokens': 115, 'total_tokens': 566}"
@marutaro,"['@marutaro0.jpg', '@marutaro1.jpg', '@marutaro10.jpg', '@marutaro11.jpg', '@marutaro3.jpg', '@marutaro4.jpg', '@marutaro5.jpg', '@marutaro6.jpg', '@marutaro7.jpg', '@marutaro8.jpg', '@marutaro9.jpg']","Based on the images provided, all of the dogs appear to be of the Shiba Inu breed. Shiba Inus are a Japanese breed known for their fox-like appearance, upright ears, and curly tails. They have a distinct look, and the dogs in the photos match the typical characteristics of the breed.","{'prompt_tokens': 451, 'completion_tokens': 63, 'total_tokens': 514}"
@mayapolarbear,"['@mayapolarbear0.jpg', '@mayapolarbear1.jpg', '@mayapolarbear10.jpg', '@mayapolarbear11.jpg', '@mayapolarbear12.jpg', '@mayapolarbear2.jpg', '@mayapolarbear3.jpg', '@mayapolarbear4.jpg', '@mayapolarbear5.jpg', '@mayapolarbear6.jpg', '@mayapolarbear7.jpg', '@mayapolarbear8.jpg', '@mayapolarbear9.jpg']","It appears that the dog in the images is of the same breed. The dog looks like a Samoyed, which is known for its fluffy white coat, smiling expression, and friendly demeanor. The breed is originally from Siberia and was used for herding reindeer, hunting, and hauling sleds. Samoyeds are characterized by their thick, double-layer coats, which can make them look larger than they actually are. Their ears are typically upright, and they have a distinctive ""Samoyed smile"" due to the slight upturned corners of their mouth.

Here are three possible breeds based on the visual traits seen in the images, but the most likely breed given the physical characteristics is the Samoyed:

1. Samoyed
2. American Eskimo Dog (although they are usually smaller with less dense fur)
3. Japanese Spitz (but they are usually smaller and have a slightly different facial structure)

Remember that without a DNA test or registration papers, it's impossible to be 100% sure of a dog's breed just by appearance.","{'prompt_tokens': 451, 'completion_tokens': 214, 'total_tokens': 665}"
@mayathedox,"['@mayathedox0.jpg', '@mayathedox10.jpg', '@mayathedox12.jpg', '@mayathedox2.jpg', '@mayathedox3.jpg', '@mayathedox4.jpg', '@mayathedox5.jpg', '@mayathedox6.jpg', '@mayathedox7.jpg', '@mayathedox9.jpg']","Based on the images you have provided, the dog appears to be a Dachshund, which is known for its long body and short legs. Here are three possible breeds that can sometimes resemble a Dachshund:

1. Dachshund - This breed is the most likely match for the dog in the images. They are known for their distinctive shape and can come in a variety of coat types (smooth, long-haired, or wire-haired).

2. Cocker Spaniel - While the dog does not have the exact features of a Cocker Spaniel, sometimes long-haired Dachshunds can have a similar appearance to a Cocker Spaniel due to their longer ears and wavy fur.

3. Cavalier King Charles Spaniel - Again, this breed typically has different proportions and characteristics than the dog shown, but occasionally dogs with a similar face and ear set might resemble this breed.

However, considering the images, the dog seems to very consistently exhibit the traits of a Dachshund, especially with the long body and short limbs distinctive to the breed.","{'prompt_tokens': 451, 'completion_tokens': 217, 'total_tokens': 668}"
@mensweardog,"['@mensweardog0.jpg', '@mensweardog1.jpg', '@mensweardog10.jpg', '@mensweardog11.jpg', '@mensweardog2.jpg', '@mensweardog3.jpg', '@mensweardog4.jpg', '@mensweardog5.jpg', '@mensweardog6.jpg', '@mensweardog7.jpg', '@mensweardog8.jpg', '@mensweardog9.jpg']","The dog pictured in each image is stylized to resemble the same breed — a Shiba Inu. The distinctive features such as the upright ears, wedge-shaped face, and the plush coat are characteristic of the Shiba Inu. For the sake of variety, however, below are three possible breeds often considered when looking at a dog with similar features:

1. Shiba Inu - As noted, this is the most likely breed depicted in the images.
2. Akita Inu - A larger relative of the Shiba Inu, they share similar physical traits but are significantly bigger in size.
3. Jindo - A breed that originates from Korea, which has physical similarities to the Shiba Inu and Akita, such as pointed ears and a similar body shape.

Based on the images provided, the dog's appearance closely fits the Shiba Inu breed.","{'prompt_tokens': 451, 'completion_tokens': 176, 'total_tokens': 627}"
@norbertthedog,"['@norbertthedog0.jpg', '@norbertthedog1.jpg', '@norbertthedog10.jpg', '@norbertthedog11.jpg', '@norbertthedog2.jpg', '@norbertthedog3.jpg', '@norbertthedog4.jpg', '@norbertthedog5.jpg', '@norbertthedog6.jpg', '@norbertthedog7.jpg', '@norbertthedog8.jpg', '@norbertthedog9.jpg']","The dogs in these images appear to be of the same type, characterized by their small size, fluffy white hair, and distinctive facial features. Based on these characteristics, here are three possible breeds these dogs could be:

1. Maltese: Known for their silky white fur, these dogs are small and affectionate, often presented in a show cut that can look similar to this.

2. Bichon Frise: Another breed with curly white hair that can be groomed in various styles, making them occasionally resemble dogs in these images.

3. Shih Tzu: This breed often has a long, flowing coat that can be clipped in numerous styles and sometimes may have a facial expression similar to the dogs shown here.

It's important to note that without more specific information, an exact breed determination can be challenging, and there is also the possibility that these dogs could be a mix of breeds or a less common breed not listed here.","{'prompt_tokens': 451, 'completion_tokens': 189, 'total_tokens': 640}"
@pavlovthecorgi,"['@pavlovthecorgi0.jpg', '@pavlovthecorgi10.jpg', '@pavlovthecorgi11.jpg', '@pavlovthecorgi2.jpg', '@pavlovthecorgi3.jpg', '@pavlovthecorgi4.jpg', '@pavlovthecorgi5.jpg', '@pavlovthecorgi6.jpg', '@pavlovthecorgi7.jpg', '@pavlovthecorgi8.jpg', '@pavlovthecorgi9.jpg']","The dog in the images appears to be a Pembroke Welsh Corgi. This breed is characterized by its short stature, long body, erect ears, and foxy face. Pembroke Welsh Corgis are known for their active and intelligent nature, as well as their characteristic ""smiling"" expression and sociable personality.

Here are three possible breeds based on general canine characteristics, though the dog in the photos is visually consistent with a Pembroke Welsh Corgi:

1. Pembroke Welsh Corgi – As mentioned, its features strongly suggest this breed.

2. Cardigan Welsh Corgi - Cardigan Welsh Corgis are similar in appearance to the Pembroke Welsh Corgi but typically have slightly different body shapes and long tails.

3. Swedish Vallhund - This breed shares some physical characteristics with the corgis but is a separate breed that also has a history of herding and short legs.

Overall, without a doubt, these images show a Pembroke Welsh Corgi.","{'prompt_tokens': 451, 'completion_tokens': 204, 'total_tokens': 655}"
@pipperontour,"['@pipperontour0.jpg', '@pipperontour1.jpg', '@pipperontour10.jpg', '@pipperontour11.jpg', '@pipperontour12.jpg', '@pipperontour2.jpg', '@pipperontour4.jpg', '@pipperontour5.jpg', '@pipperontour6.jpg', '@pipperontour7.jpg', '@pipperontour8.jpg', '@pipperontour9.jpg']","The dog in the images appears to be a medium-sized, short-coated breed with a predominantly white body and some darker markings on the head. While I cannot provide an exact breed determination, the dog resembles a mix or could be related to one of the following breeds:

1. Jack Russell Terrier: Known for their energy, intelligence, and white coats often with brown or black markings. The shape of the head and erect ears on some of the photos are common characteristics of this breed.

2. Rat Terrier: Similar in appearance to the Jack Russell Terrier but usually has a slightly different head shape and can have more variation in color patterns.

3. Parson Russell Terrier: Closely related to the Jack Russell Terrier with a similar body type and coloration, though Parson Russell Terriers are typically a bit larger and have a square body profile.

Please note that without genetic testing, it's not possible to determine the exact breed of a dog, especially if it's a mixed breed. The above are educated guesses based on the dog's visible characteristics.","{'prompt_tokens': 451, 'completion_tokens': 216, 'total_tokens': 667}"
@popeyethefoodie,"['@popeyethefoodie0.jpg', '@popeyethefoodie1.jpg', '@popeyethefoodie10.jpg', '@popeyethefoodie11.jpg', '@popeyethefoodie12.jpg', '@popeyethefoodie13.jpg', '@popeyethefoodie14.jpg', '@popeyethefoodie2.jpg', '@popeyethefoodie3.jpg', '@popeyethefoodie4.jpg', '@popeyethefoodie5.jpg', '@popeyethefoodie6.jpg', '@popeyethefoodie7.jpg', '@popeyethefoodie8.jpg', '@popeyethefoodie9.jpg']","The dog in the images appears to be a small breed with a fluffy coat and an expressive face. While I cannot definitively determine the exact breed of the dog, I can suggest three possible breeds or types that it might resemble:

1. Yorkshire Terrier (Yorkie) – It has the facial features and coat texture that could suggest a Yorkie, particularly if the dog is a mixed breed with Yorkie ancestry.
2. Maltese – The white coat and the size could indicate some Maltese heritage, especially when mixed with another breed.
3. Morkie – This is a popular hybrid of a Maltese and a Yorkshire Terrier, which can lead to a variety of appearances that share characteristics of both parent breeds.

Keep in mind that without a full pedigree or DNA test, determining a dog's breed from images alone can be quite speculative, especially if the dog is a mix of several breeds.","{'prompt_tokens': 451, 'completion_tokens': 185, 'total_tokens': 636}"
@ppteamaria,"['@ppteamaria11.jpg', '@ppteamaria13.jpg', '@ppteamaria2.jpg', '@ppteamaria4.jpg', '@ppteamaria5.jpg', '@ppteamaria8.jpg', '@ppteamaria9.jpg']","The dog in all the images appears to be a Dachshund. This breed is easily recognizable by its long body, short legs, and elongated snout. Dachshunds come in two sizes (standard and miniature) and can have three types of coat: smooth, long-haired, and wire-haired. If you desire other breed possibilities based on general canine morphology, here are two more breeds with some similar physical traits, keeping in mind that the dog in the image is most likely a Dachshund:

1. Basset Hound - Also has short legs and a long body, but they are larger than Dachshunds and have more prominent droopy ears.
2. Beagle - Smaller than Basset Hounds, Beagles have short to medium legs, but their body is not as elongated as that of a Dachshund.

However, it is important to note that based on the distinct appearance of the dog in the photos, it fits the characteristics of a Dachshund more closely than other breeds.","{'prompt_tokens': 451, 'completion_tokens': 213, 'total_tokens': 664}"
@ppteamkler,"['@ppteamkler0.jpg', '@ppteamkler1.jpg', '@ppteamkler10.jpg', '@ppteamkler11.jpg', '@ppteamkler2.jpg', '@ppteamkler3.jpg', '@ppteamkler4.jpg', '@ppteamkler5.jpg', '@ppteamkler6.jpg', '@ppteamkler7.jpg', '@ppteamkler8.jpg', '@ppteamkler9.jpg']","Based on the photos provided, the dog appears to be a Dachshund. Dachshunds are recognizable by their long bodies and short legs, along with their floppy ears and distinctive facial features. The breed is well-known for these characteristics, and it seems consistent across all images you've shared. They can have a variety of coat types and colors, including smooth, long-haired, and wire-haired, as well as solid and dappled patterns.","{'prompt_tokens': 451, 'completion_tokens': 92, 'total_tokens': 543}"
@reagandoodle,"['@reagandoodle0.jpg', '@reagandoodle1.jpg', '@reagandoodle10.jpg', '@reagandoodle2.jpg', '@reagandoodle3.jpg', '@reagandoodle4.jpg', '@reagandoodle5.jpg', '@reagandoodle6.jpg', '@reagandoodle7.jpg', '@reagandoodle8.jpg', '@reagandoodle9.jpg']","The dog presented in the images appears to be a Goldendoodle. This breed is a cross between a Golden Retriever and a Poodle, generally characterized by their curly or wavy coat and friendly demeanor. While I can't definitively confirm the breed without more information, Goldendoodles come in various sizes and coat types due to the variation within their parent breeds. Other possible breeds with a similar look could include:

1. Labradoodle: A cross between a Labrador Retriever and a Poodle. They may also have a similar coat and appearance.
2. Cockapoo: A mix between a Cocker Spaniel and a Poodle, although they are typically smaller than Goldendoodles.
3. Irish Doodle: A crossbreed between an Irish Setter and a Poodle, known for their red coat, which can sometimes look similar to a Goldendoodle.

Please note that without genetic testing or confirmation from the dog's owner, it's impossible to guarantee the breed with complete certainty.","{'prompt_tokens': 451, 'completion_tokens': 204, 'total_tokens': 655}"
@rocco_roni,"['@rocco_roni0.jpg', '@rocco_roni1.jpg', '@rocco_roni10.jpg', '@rocco_roni11.jpg', '@rocco_roni2.jpg', '@rocco_roni3.jpg', '@rocco_roni4.jpg', '@rocco_roni5.jpg', '@rocco_roni6.jpg', '@rocco_roni7.jpg', '@rocco_roni8.jpg', '@rocco_roni9.jpg']","The dog in the images has the appearance of an Old English Sheepdog. It is characterized by its long, shaggy coat, often grey and white in color, and its distinctive ""bear-like"" face. However, since exact identification based on images isn't foolproof and dogs can have varied appearances even within the same breed, here are three possible breeds the dog might be, assuming it's not an Old English Sheepdog:

1. Bearded Collie - These dogs also have long, shaggy fur and can have a similar color pattern but are generally smaller than Old English Sheepdogs.

2. Sheepadoodle - This is a crossbreed between an Old English Sheepdog and a Poodle. They can have a similar appearance to Old English Sheepdogs, with a bit more of a curly coat due to the Poodle genes.

3. Polish Lowland Sheepdog - Another shaggy breed that can resemble the Old English Sheepdog, although they usually have a more compact size and a different head shape.

Without further information or genetic testing, it's difficult to determine the exact breed with certainty.","{'prompt_tokens': 451, 'completion_tokens': 225, 'total_tokens': 676}"
@samsonthedood,"['@samsonthedood0.jpg', '@samsonthedood10.jpg', '@samsonthedood11.jpg', '@samsonthedood12.jpg', '@samsonthedood2.jpg', '@samsonthedood7.jpg', '@samsonthedood8.jpg']","The dogs in the images appear to be Poodles or Poodle mixes due to their curly fur and distinct facial features. Here are three possible breeds or types:

1. Poodle (possibly Toy Poodle or Miniature Poodle given the size)
2. Goldendoodle (a mix between a Golden Retriever and a Poodle)
3. Labradoodle (a mix between a Labrador Retriever and a Poodle)

Please note that without further information, such as genetic testing, it's not possible to determine the exact breed mix with certainty.","{'prompt_tokens': 451, 'completion_tokens': 113, 'total_tokens': 564}"
@siberianhusky_jax,"['@siberianhusky_jax0.jpg', '@siberianhusky_jax1.jpg', '@siberianhusky_jax10.jpg', '@siberianhusky_jax11.jpg', '@siberianhusky_jax12.jpg', '@siberianhusky_jax2.jpg', '@siberianhusky_jax4.jpg', '@siberianhusky_jax5.jpg', '@siberianhusky_jax8.jpg', '@siberianhusky_jax9.jpg']","Based on the images you've provided, the dog appears to be a Siberian Husky. Siberian Huskies are known for their striking coat patterns, erect triangular ears, and often blue or multi-colored eyes. Here are three breeds that have some similar physical characteristics to the dog in your photos:

1. Siberian Husky: Known for its friendly and gentle nature, it has a thick double coat and is well-suited for cold weather.

2. Alaskan Malamute: Larger than a Siberian Husky and also built for cold climates with a thick coat, the Alaskan Malamute is a strong and powerful breed.

3. Samoyed: This breed has a fluffy white coat and a friendly ""smile."" Although the Samoyed is typically all white, its build and facial structure can sometimes be reminiscent of a Husky.

The dog shown in your images closely resembles a Siberian Husky the most.","{'prompt_tokens': 451, 'completion_tokens': 190, 'total_tokens': 641}"
@tecuaniventura,"['@tecuaniventura10.jpg', '@tecuaniventura11.jpg', '@tecuaniventura12.jpg', '@tecuaniventura13.jpg', '@tecuaniventura2.jpg', '@tecuaniventura3.jpg', '@tecuaniventura4.jpg', '@tecuaniventura5.jpg', '@tecuaniventura6.jpg', '@tecuaniventura7.jpg', '@tecuaniventura8.jpg', '@tecuaniventura9.jpg']","Based on the physical characteristics visible in the dogs in the images, such as the short snout, stocky build, and wrinkled face, these dogs appear to be of the Bulldog breed. Bulldogs are a medium-sized breed of dog commonly known for their loose, saggy skin and distinctive pushed-in nose. They are a popular breed and are known for their loyal and gentle nature, though they can also be quite stubborn.

The exact breed cannot be determined with 100% certainty without genetic testing or pedigree information, but based on the images, it's reasonable to suggest these dogs are Bulldogs.","{'prompt_tokens': 451, 'completion_tokens': 120, 'total_tokens': 571}"
@thiswildidea,"['@thiswildidea0.jpg', '@thiswildidea11.jpg', '@thiswildidea2.jpg', '@thiswildidea3.jpg', '@thiswildidea4.jpg', '@thiswildidea5.jpg', '@thiswildidea7.jpg', '@thiswildidea8.jpg', '@thiswildidea9.jpg']","Based on the images provided, the dog appears to be a hound-type breed. Here are three possible breeds this dog could be:

1. Coonhound – A dog known for its tracking and hunting capabilities, particularly with a coat that can come in a variety of colors, including the speckled or mottled patterns similar to the dog in the images.
2. American English Coonhound – This breed often has a short, hard coat that can be seen in different colors and patterns, including redtick or bluetick, which might resemble the speckled appearance of the dog.
3. American Foxhound – Known for its good nature and hunting skills, the American Foxhound also has a coat that can have a similar pattern.

Please note that identifying a dog's breed based solely on images can be challenging, and these are approximate guesses. The actual breed could vary, especially considering mixed-breed possibilities.","{'prompt_tokens': 451, 'completion_tokens': 186, 'total_tokens': 637}"
@tikatheiggy,"['@tikatheiggy0.jpg', '@tikatheiggy1.jpg', '@tikatheiggy10.jpg', '@tikatheiggy12.jpg', '@tikatheiggy13.jpg', '@tikatheiggy2.jpg', '@tikatheiggy3.jpg', '@tikatheiggy5.jpg', '@tikatheiggy6.jpg', '@tikatheiggy7.jpg', '@tikatheiggy8.jpg', '@tikatheiggy9.jpg']","It seems you've provided images of a small dog with distinctive physical features such as a short coat, large ears, and a slender build. Based on these characteristics, here are three possible dog breeds the dog might be:

1. Italian Greyhound - They are known for their slender build, short coat, and large, bat-like ears, much like the dog shown in the images.
2. Whippet - While they are generally larger than Italian Greyhounds, they share similar characteristics such as a sleek, short coat and a slender, athletic physique.
3. Greyhound - The largest of the sighthound breed that resembles the ones shown, characterized by a slim body and a short coat, but they usually have a larger frame compared to Italian Greyhounds and Whippets.

Without a clear view of the dog's full body and size, it's difficult to determine the exact breed, but the Italian Greyhound seems to be the most likely among the three breeds mentioned.","{'prompt_tokens': 451, 'completion_tokens': 196, 'total_tokens': 647}"
@tinkerbellethedog,"['@tinkerbellethedog1.jpg', '@tinkerbellethedog10.jpg', '@tinkerbellethedog11.jpg', '@tinkerbellethedog4.jpg', '@tinkerbellethedog5.jpg', '@tinkerbellethedog6.jpg']","The dog in these images appears to be a mixture of breeds, or could potentially be one of the ""designer"" mixed breeds that has become more common. Based on the physical characteristics visible in the photos, such as the long, silky hair, the size, and the facial structure, here are three possible breeds that the dog could be:

1. Shih Tzu - Known for their long, flowing coats and sweet faces, this could be one of the breeds in the mix due to the texture and length of the coat as well as the overall facial structure.
2. Maltese - This breed also has a long, luxurious white coat and a somewhat similar body size and shape, which could contribute to the dog's appearance, especially the color and quality of the fur.
3. Yorkshire Terrier - With their fine, silky hair that is often a steel blue and tan color, this breed could also be contributing to the coat and coloration of this dog.

Please keep in mind that without a DNA test, it's not possible to definitively determine the breed or mix of breeds in a dog based solely on appearance. This dog could also have other breeds in its heritage, or it could be a known mixed breed like a Shorkie (Shih Tzu and Yorkshire Terrier mix) or a Malti-Tzu (Maltese and Shih Tzu mix).","{'prompt_tokens': 451, 'completion_tokens': 280, 'total_tokens': 731}"
@toastmeetsworld,"['@toastmeetsworld0.jpg', '@toastmeetsworld1.jpg', '@toastmeetsworld10.jpg', '@toastmeetsworld11.jpg', '@toastmeetsworld2.jpg', '@toastmeetsworld3.jpg', '@toastmeetsworld4.jpg', '@toastmeetsworld5.jpg', '@toastmeetsworld6.jpg', '@toastmeetsworld9.jpg']","The dog in these images appears to be a Cavalier King Charles Spaniel. This breed is recognizable by its small size, long floppy ears, large expressive eyes, and silky fur. The coloration of this specific dog, with its chestnut brown and white markings, is known as the Blenheim variety within the breed.

Given the distinctive features of the dog in the images, it's unlikely to be confused with other breeds. However, if I were to suggest breeds purely based on overlapping characteristics like size, ear shape, and color, here are three breeds one might consider:

1. Cocker Spaniel - Although larger than the Cavalier King Charles Spaniel, Cocker Spaniels have similar long floppy ears and can have a similar coloration.
2. English Toy Spaniel (King Charles Spaniel) - This is a different breed from the Cavalier King Charles Spaniel, but they have a similar head structure, ear set, and overall appearance.
3. Papillon – While Papillons are smaller and have different coloring and ear shape (they have large, upright ears that resemble butterfly wings), they share the general toy breed characteristics such as a small, fine-boned structure and expressive eyes.

In these cases, the distinctive features of the Cavalier King Charles Spaniel make it fairly easy to identify, and it's not commonly mistaken for other breeds.","{'prompt_tokens': 451, 'completion_tokens': 276, 'total_tokens': 727}"
@tuckerbudzyn,"['@tuckerbudzyn0.jpg', '@tuckerbudzyn1.jpg', '@tuckerbudzyn10.jpg', '@tuckerbudzyn11.jpg', '@tuckerbudzyn3.jpg', '@tuckerbudzyn4.jpg', '@tuckerbudzyn5.jpg', '@tuckerbudzyn6.jpg', '@tuckerbudzyn7.jpg', '@tuckerbudzyn8.jpg', '@tuckerbudzyn9.jpg']","The dogs featured in these images are most likely of the Golden Retriever breed. They exhibit the hallmark physical characteristics of Golden Retrievers such as a dense, water-repellent outer coat with a thick undercoat, a friendly and kind expression, a well-proportioned build, and a rich golden color which can range from light golden to dark golden.

While these dogs are almost certainly Golden Retrievers, if you are looking for three possible breeds based on general appearance (without considering that they are the same across the images), some breeds may share similar features such as:

1. Golden Retriever
2. Labrador Retriever (especially the broader head and friendly expression)
3. Nova Scotia Duck Tolling Retriever (often smaller in size and with a reddish coat, but can have a similar facial structure)

Again, it is important to note that the dogs in the photos provided exhibit the clear and distinctive traits of Golden Retrievers.","{'prompt_tokens': 451, 'completion_tokens': 192, 'total_tokens': 643}"
@tunameltsmyheart,"['@tunameltsmyheart0.jpg', '@tunameltsmyheart1.jpg', '@tunameltsmyheart10.jpg', '@tunameltsmyheart11.jpg', '@tunameltsmyheart2.jpg', '@tunameltsmyheart3.jpg', '@tunameltsmyheart4.jpg', '@tunameltsmyheart5.jpg', '@tunameltsmyheart6.jpg', '@tunameltsmyheart7.jpg', '@tunameltsmyheart8.jpg', '@tunameltsmyheart9.jpg']","The dog depicted in the provided images appears to be a small-sized breed with characteristic large ears, a short coat, and a prominent snout. Based on these features, here are three possible breeds the dog could be, or be similar to:

1. Chihuahua - This breed is known for its small size, large ears, and expressive eyes, which is consistent with the dogs in the images.
2. Miniature Pinscher - Sometimes resembling a small Doberman, they have a similar physique and facial structure to the dogs in the photos, although their coat texture might be slightly different.
3. Rat Terrier - These dogs can have characteristics similar to the depicted dog, with erect ears and a short coat, but they tend to have a different body shape and size.

Without more specific information, it's challenging to determine the exact breed, and there's also the possibility of mixed heritage which could explain certain unique characteristics.","{'prompt_tokens': 451, 'completion_tokens': 187, 'total_tokens': 638}"
